acc_pred[0],acc_pred[1],acc_pred[2]
1.0163409,1.0020639,2.1239524
1.0141003,0.9965261,2.1274872
1.0121121,0.99163336,2.130615
1.0103374,0.9872782,2.133399
1.0087242,0.98333347,2.1359272
1.0065718,0.97809535,2.1392848
1.0042505,0.97247666,2.1428912
1.0017074,0.9663532,2.1468298
0.99961036,0.9613215,2.150069
0.9972822,0.9557694,2.1536498
0.99496365,0.9502649,2.1572027
0.9926851,0.9448784,2.1606855
0.99034,0.9393644,2.164256
0.98804265,0.9339842,2.167744
0.9857516,0.928646,2.1712089
0.983463,0.923341,2.1746583
0.9811172,0.9179301,2.1781802
0.9789182,0.9128774,2.1814744
0.9766283,0.9076487,2.1848888
0.97416735,0.9020578,2.1885462
0.97205645,0.8972831,2.1916738
0.9697891,0.89218384,2.1950185
0.9668827,0.88569856,2.1992836
0.9650027,0.881521,2.202034
0.9627742,0.876603,2.205278
0.96055204,0.8717261,2.208502
0.9587418,0.86777544,2.2111156
0.9562768,0.8624371,2.2146592
0.95426446,0.8581105,2.2175362
0.9520085,0.8532909,2.2207487
0.94973755,0.84848297,2.2239604
0.9478549,0.84452254,2.2266133
0.9454608,0.8395319,2.2299635
0.9435631,0.8356004,2.232609
0.94143456,0.8312296,2.2355583
0.9392602,0.8268018,2.2385533
0.9372237,0.8226874,2.2413447
0.9351416,0.818517,2.2441802
0.9330421,0.8143492,2.2470233
0.93002874,0.80832106,2.2511263
0.928144,0.80446637,2.25373
0.926003,0.7999711,2.2567432
0.9237268,0.7950632,2.2600064
0.9222421,0.7918148,2.2621558
0.9204812,0.78788465,2.2647436
0.91849506,0.78337467,2.2676966
0.91677415,0.7794095,2.2702813
0.9148962,0.7750237,2.2731302
0.91326106,0.77116615,2.27563
0.9101212,0.76364934,2.2804766
0.9078444,0.7581713,2.2840066
0.90612704,0.7540432,2.2866654
0.90497065,0.751265,2.2884557
0.9031941,0.747013,2.2911987
0.90073043,0.741165,2.2949803
0.8992407,0.7376526,2.2972572
0.8957384,0.7295636,2.3025289
0.893209,0.72382927,2.3062863
0.89229566,0.7217731,2.3076353
0.8900233,0.71675664,2.3109484
0.88899285,0.7144991,2.3124442
0.887095,0.71040994,2.3151648
0.885203,0.7064,2.3178453
0.8832838,0.7023916,2.3205385
0.8811912,0.6980915,2.3234417
0.8802292,0.6961304,2.324768
0.87887007,0.69338334,2.3266313
0.87714756,0.6899396,2.3289773
0.87500423,0.6857054,2.3318725
0.8725021,0.6808197,2.3352246
0.87062097,0.6771699,2.3377342
0.86939675,0.6748031,2.339364
0.867714,0.6715567,2.3415997
0.8659243,0.66811043,2.3439763
0.8647058,0.66576594,2.3455935
0.8630933,0.6626589,2.347734
0.8611395,0.65888023,2.3503354
0.85900724,0.65473753,2.3531837
0.8577754,0.65233874,2.354831
0.8560349,0.6489206,2.3571713
0.85455775,0.646005,2.3591657
0.8528982,0.642697,2.3614213
0.85101366,0.63890964,2.3639953
0.8493807,0.6355946,2.3662438
0.84791493,0.63259685,2.3682718
0.84616065,0.62897015,2.3707156
0.8445199,0.6255504,2.3730142
0.8431055,0.6225768,2.3750093
0.84157085,0.6193257,2.3771837
0.8395757,0.615056,2.3800318
0.8412569,0.5941795,2.3889625
0.843399,0.5803322,2.394438
0.8455229,0.5665951,2.3998697
0.84763306,0.55293477,2.40527
0.8497412,0.5392965,2.4106624
0.8525652,0.5210191,2.4178896
0.8539176,0.5122647,2.4213493
0.85599065,0.49886227,2.4266477
0.8580347,0.48564664,2.4318717
0.86010593,0.4722594,2.4371624
0.8621476,0.4590731,2.442372
0.8641884,0.44590038,2.447576
0.8662722,0.43245944,2.4528847
0.8681292,0.42049277,2.4576106
0.8700187,0.40831658,2.4624176
0.87199134,0.395625,2.467429
0.87417847,0.38155293,2.472983
0.87578267,0.37124443,2.4770505
0.8777849,0.35837588,2.4821286
0.8795868,0.3467999,2.4866953
0.8814608,0.3347665,2.4914427
0.8833091,0.32290643,2.4961216
0.8851935,0.31081104,2.5008905
0.9731504,0.10763738,2.5557947
0.94323164,0.040091537,2.600326
0.95840937,-0.15368533,2.6835046
0.9730538,-0.2451928,2.7193305
0.98681486,-0.33400655,2.754295
0.99972856,-0.41992843,2.7882912
1.0135953,-0.5149286,2.8260553
1.0272192,-0.6100719,2.8639812
1.0394548,-0.69597834,2.898242
1.0499821,-0.7695862,2.927566
1.0611887,-0.84709114,2.958376
1.0684408,-0.89679825,2.9780996
1.0783175,-0.9635891,3.0045333
1.0886688,-1.0326861,3.0318077
1.0991523,-1.102911,3.0595345
1.110058,-1.1765419,3.0886362
1.1206998,-0.90224224,2.9562817
1.0894089,-0.80861306,2.8897529
0.68923444,-0.4681741,2.510418
-0.7188811,-0.11256985,-2.55305
-1.3925866,0.23866028,-3.1275764
-1.6968021,0.3336267,-3.248435
-2.1222212,0.496271,-3.488719
-2.46644,0.61585003,-3.6135242
-2.8058033,0.7367158,-3.7345276
-3.121734,0.8522562,-3.8450232
-3.366611,0.9292081,-3.8429515
-3.2932105,0.83107287,-3.383599
-3.5002058,0.8958759,-3.363701
-3.7610283,0.99553305,-3.4471352
-4.0166764,1.091993,-3.5269055
-4.302542,1.1984454,-3.6140442
-4.553202,1.2924569,-3.6889627
-4.8060913,1.3888667,-3.7632778
-5.0930367,1.5009468,-3.846247
-5.365724,1.6105291,-3.92394
-5.6750817,1.739502,-4.010804
-5.988621,1.8753083,-4.097593
-6.221943,1.970457,-4.0699553
-5.645896,1.5978253,-2.8009353
-5.3223076,1.3869442,-1.95468
-5.316036,1.3679653,-1.6623178
-5.3530846,1.3747672,-1.4751395
-5.3956714,1.3790283,-1.2875805
-5.41626,1.3719313,-1.0937929
-5.418831,1.3566282,-0.8950535
-3.6976004,0.39838895,1.87481
-3.7197778,0.41134536,1.8734037
-3.7159367,0.40551302,1.881134
-3.7025108,0.38097358,1.8933011
-3.6917956,0.35411417,1.9038225
-3.6811202,0.31217203,1.9164846
-3.6768606,0.29373854,1.9220084
-3.6713586,0.27048457,1.9288127
-2.7954905,0.1388793,3.4955835
-2.854895,0.2057384,3.4086075
-2.9310684,0.32829767,3.2855506
-2.930776,0.4276708,3.1885457
-2.822546,0.419421,3.1895704
-2.6879659,0.40304634,3.189256
-3.2760377,0.48260254,1.6903613
-3.1814804,0.47794864,1.6880805
-3.0867634,0.47738287,1.6893795
-3.0023584,0.47895262,1.6920384
-2.8914452,0.48448193,1.6959561
-2.7873504,0.48869452,1.6990869
-2.6520145,0.4883111,1.7020085
-2.4986436,0.48024353,1.7039673
-2.3318207,0.4659725,1.7046456
-2.1564033,0.44532377,1.7039118
-1.9669808,0.41701618,1.7016795
-1.7651218,0.3808577,1.6978724
-1.5215694,0.3295951,1.691614
-1.2549618,0.26591364,1.6829294
-1.0847336,0.22241446,1.6764617
-0.8548779,0.15858114,1.666857
-0.59449184,0.08089755,1.6547781
-0.35214397,0.0044198334,1.642436
-0.67144716,-0.054868944,-0.087436326
-0.50672156,-0.13047886,-0.23523521
-0.34743184,-0.20988989,-0.382096
-0.15756212,-0.29478517,-0.46001697
0.0043960847,-0.39133832,-0.74325216
0.17743333,-0.46099728,-0.7507512
0.33009124,-0.5299511,-0.8263038
0.5049755,-0.59854156,-0.8348258
0.5563764,-0.63618475,-0.974093
0.7577182,-0.7513309,-1.0849003
0.8765456,-0.8190225,-1.0401442
0.95193696,-0.8194583,-1.1330758
1.0884355,-0.88639355,-1.1227766
1.2252098,-0.9561683,-1.1128658
1.421521,-1.0655907,-1.0820909
1.648303,-1.2117817,-1.0009292
1.8859262,-1.3703632,-0.9177852
2.109321,-1.5269196,-0.8419567
2.306283,-1.6740651,-0.7778794
2.4581087,-1.8002753,-0.68793386
2.5580869,-1.8841034,-0.6581763
2.6430995,-1.9601632,-0.6345058
2.6643648,-1.9834404,-0.6738732
2.7209833,-2.0456471,-0.6618049
2.716902,-2.056856,-0.7113987
2.2361276,-1.6438538,-1.3765838
2.0537386,-1.5175805,-1.613298
1.9591284,-1.4894167,-1.6999773
1.838515,-1.4468601,-1.7965784
1.6814702,-1.7250353,-1.9219494
1.6377811,-1.2614446,-1.9049187
1.4661272,-1.4488295,-2.0379066
1.3272789,-1.1802561,-2.115228
1.1559598,-0.8065035,-2.2101955
0.9780657,-0.42033625,-2.3061771
0.82681733,-0.09370264,-2.3862276
0.63641995,0.31570214,-2.4853907
0.42479235,0.7541188,-2.5963466
0.26466537,1.1155903,-2.678316
0.12329808,1.5026189,-2.7168248
-0.098677464,2.034336,-2.829326
-0.37575698,2.7204542,-2.9684308
-0.51367617,3.0084107,-3.0709822
-0.5035003,3.2167876,-3.0838945
-0.58642435,3.66326,-3.0668669
-0.89267355,4.873236,-3.007494
-1.1156656,5.208655,-3.0250602
-1.0005469,5.2598643,-2.6694734
-0.09889522,4.997683,-1.0925469
1.2778077,4.887354,1.7026535
1.3089737,4.9086766,1.7371262
1.3568817,4.9214315,1.7576181
1.4249662,4.907567,1.7761083
1.4828537,4.881032,1.7899793
1.5332296,4.8402967,1.8036683
1.5733972,4.790481,1.8181335
1.6057645,4.728581,1.8359351
1.6260114,4.670946,1.8531697
1.6401194,4.605757,1.8742535
1.648031,4.5400424,1.8971236
1.6517642,4.471482,1.9228305
1.6531591,4.406379,1.948735
1.6540769,4.3341646,1.9793249
1.6566358,4.262598,2.0111399
0.46693063,4.323678,-0.44922206
0.17362335,4.372509,-0.95952195
0.10205789,4.352708,-0.9254436
-0.11026958,4.4218874,-1.1113908
-0.26508915,4.470184,-1.1941942
-0.34303787,4.4910717,-1.1655607
-0.4787837,4.5573845,-1.2441847
-0.36489627,4.505619,-0.9755917
-0.12873966,4.3980336,-0.56972647
0.83554703,3.9117362,0.884964
1.5519581,3.797421,2.4783537
1.7052926,3.7860336,2.5120966
1.9584482,3.7062783,2.5913246
2.1214287,3.6566694,2.5341775
2.304227,3.6124537,2.4342935
2.4085827,3.5882,2.3772776
2.5156994,3.559172,2.3213034
2.6246524,3.5275438,2.2660189
2.2597024,4.3572793,2.2580862
2.4367886,4.1410413,2.2747612
2.817131,3.5347464,2.3151257
3.5885527,2.2395787,2.469705
4.4997554,0.56973755,1.1898663
4.720206,-0.68479425,0.7174992
4.8368163,-0.9256213,0.6605454
4.842596,-1.0009404,0.5488285
4.8543,-1.0714934,0.5130918
4.869534,-1.1416942,0.5164877
4.868717,-1.1946658,0.51445866
4.8123813,-1.1959146,0.45049992
4.4801774,-0.9597982,0.10136325
3.957843,-0.56452286,-0.4517809
3.2189438,-0.0008691475,-1.2245432
2.813935,0.26603246,-1.6111505
2.6630607,0.30574188,-1.7059487
2.38741,0.43897766,-1.9199815
2.1937296,0.50255597,-2.0376344
1.8282249,0.6745821,-2.3005004
1.6358024,0.73533785,-2.4120963
1.3021688,0.8896583,-2.6498773
0.2611483,1.6108865,-3.6217265
-0.44813237,1.8231413,-4.1462064
-0.93492377,1.8166448,-4.4452443
-1.2804384,1.6628077,-4.609255
-1.5723482,1.4532773,-4.6920996
-1.9896846,1.2749252,-4.885584
-2.3050926,0.91029984,-4.8643627
-2.1172707,0.43305874,-4.388602
-2.4336605,0.78780675,-4.0151916
-2.731717,0.5101395,-3.97704
-2.8525946,-0.040082373,-3.8170288
-3.073625,-0.7141917,-3.858048
-3.2177527,-1.6239125,-3.772261
-3.2683542,-2.6836069,-3.5762093
-3.385689,-3.8349452,-3.5028358
-3.6447124,-5.12323,-3.5453153
-3.8336205,-5.907159,-3.6353776
-4.1139665,-6.7731733,-3.7515507
-4.4678655,-7.54839,-3.862831
-4.5052414,-8.304196,-3.6309972
-0.99202293,-9.131967,0.57462335
-1.4589986,-9.24519,0.4654247
-1.9291418,-9.195593,0.38683605
-2.408552,-9.103664,0.3276867
-2.9211283,-8.950574,0.2706797
-3.3614593,-8.780219,0.22339962
-3.8003106,-8.576031,0.17702506
-4.164405,-8.380752,0.13862205
-4.5593014,-8.143105,0.09795785
-4.8639736,-7.9376183,0.062323138
-5.227177,-7.66655,0.017803274
-4.295195,-6.8165035,2.1013856
-3.6733692,-6.333536,3.336055
-3.1061866,-6.1058965,4.1695323
-2.6455355,-6.2409334,4.4593062
-2.3968372,-6.407278,4.508824
-1.9568051,-6.813847,4.4809084
-1.7748358,-7.0854845,4.343401
-1.6332244,-7.3894153,4.145969
-1.64249,-8.117151,3.3006606
-1.8409581,-8.991471,2.1201794
-2.6879506,-9.974532,0.03488984
-2.42243,-10.323638,0.038627274
-2.0258622,-10.752088,0.04736658
-1.8060805,-10.9786625,0.05371414
-1.5937438,-11.159716,0.0802261
-1.3639681,-11.327565,0.13953802
-1.2106385,-11.476745,0.18999529
-0.9712737,-11.699554,0.2679182
-0.7406731,-11.91504,0.34272844
-0.56516325,-12.08095,0.39932045
-1.623087,-11.25323,-1.4731863
-2.2512622,-10.405638,-2.7501097
-2.6617417,-9.549398,-3.5451343
-2.9078612,-8.821525,-3.8450933
-3.0979292,-8.109768,-4.0502343
-3.2299757,-7.2905703,-4.1344295
-3.1367016,-6.480127,-3.733828
-2.8090951,-6.005249,-3.2883766
-2.2986534,-5.651914,-2.6941783
-1.2856563,-5.4943423,-1.8440983
-1.0300266,-5.513789,-1.7114053
-0.4263796,-5.80653,-0.37315363
-0.34237543,-5.9383,-0.389058
-0.28650966,-6.1001315,-0.41143143
-0.40474764,-6.884702,-0.64910686
-0.22738388,-6.989698,-0.744238
0.04281873,-6.457954,-0.74669826
0.3127798,-5.6664968,-0.73888457
0.5926879,-4.7783847,-0.7208424
0.87854165,-3.8577917,-0.69011796
1.1974883,-2.878988,-0.64187014
0.9337443,-1.921999,-2.116734
0.69990206,-0.7814718,-2.5664024
0.51563084,0.37389982,-2.8028932
0.14712536,1.8317275,-3.2366676
-0.20500001,3.5236666,-3.2565012
-0.6144106,3.9471653,-3.379851
-0.86906105,4.1644397,-3.4697828
-1.378933,4.4211,-4.0209684
-1.7284747,4.6917534,-4.2613826
-1.9769508,4.9584,-4.2488174
-1.9783024,5.2489433,-3.664273
-1.6266952,5.376638,-2.5704346
-0.6920125,5.327768,-0.51114357
-0.77406454,5.3864236,-0.5684573
-0.9672021,5.574706,-0.69125813
-1.1263493,5.703299,-0.7893559
-1.1835873,5.71967,-0.75836587
-1.2242333,5.7139626,-0.73044264
-1.2968806,5.727705,-0.6849736
-1.3656505,5.7352366,-0.6339138
-1.4382067,5.7494564,-0.57426405
-1.5056455,5.764276,-0.50783193
-1.5619289,5.7803354,-0.440085
-1.6082395,5.797374,-0.3669027
-1.6394182,5.8143215,-0.2952264
-1.6360583,5.016106,-0.54269814
-1.3277642,5.680366,-0.48482972
-1.0398142,6.9367943,-0.355102
-0.6709937,8.110253,-0.19329774
-0.44850117,8.322799,0.046457537
0.15412839,8.042905,0.8727285
0.6459783,7.81271,1.5422697
1.0838127,7.6042466,2.143688
1.8280095,7.137344,3.6689706
1.9939991,7.0583363,3.8762457
1.9910178,7.055488,3.8461943
2.011445,7.058219,3.7870088
2.0383294,7.063475,3.7197075
2.0635016,7.0696125,3.6543427
2.0874963,7.077359,3.5820963
2.1038,7.0853143,3.515287
2.1109862,7.0927205,3.458965
2.6306713,7.159591,2.6866665
2.312649,7.3216257,2.011828
1.9431299,7.4445233,1.6067168
1.6821083,7.520161,1.3771654
0.92763263,7.758892,0.5937425
-0.42695153,8.18314,-0.8587455
-1.7015306,8.547956,-2.1089137
-2.2349627,8.654928,-2.3939292
-2.6845515,8.71525,-2.4763277
-3.1593735,8.775924,-2.5562186
-3.4740229,8.796637,-2.5094988
-3.357222,8.63744,-1.7176825
-3.4372013,8.588227,-1.424999
-1.8507807,7.926936,1.2234355
-1.9221548,7.7750835,2.0251336
-1.3922439,7.387601,3.2059233
-1.558649,7.3994155,3.1190822
-1.6724654,7.405509,3.0593286
-1.7823375,7.4129896,2.9977207
-1.9013464,7.4228554,2.9281256
-3.2399976,8.072461,0.93152267
-3.8268278,8.312309,-0.081553906
-4.5532556,8.526613,-0.8991405
-4.9157367,8.567571,-0.96695906
-5.2935805,8.5892515,-0.9356972
-5.696769,8.569219,-0.8398478
-6.1776347,8.372545,-0.860639
-6.515423,8.157223,-0.9307463
-6.7897067,7.8671308,-1.0068457
-6.9392576,7.7069583,-1.0475
-7.1411605,7.485349,-1.1030369
-7.3730416,7.213576,-1.1045358
-7.5809865,6.939445,-1.033396
-7.701979,6.6484575,-0.95839477
-7.841963,6.388508,-0.9586243
-8.015731,6.1103354,-1.0215849
-8.067049,5.841661,-1.0054144
-8.142772,5.619785,-1.0273054
-8.295484,5.413013,-1.1344033
-8.34676,5.2552915,-1.2293211
-8.645371,4.9154387,-1.9654942
-8.719601,4.723541,-2.129395
-8.760536,4.4592595,-2.189311
-8.788797,4.2698464,-2.2346427
-8.816654,4.0867314,-2.2753832
-8.847953,3.8561046,-2.363044
-8.709333,3.726258,-2.0020366
-8.598589,3.5344903,-1.7058853
-8.627491,3.2748275,-1.769374
-8.64667,3.0842333,-1.8092183
-8.660332,2.93723,-1.8415078
-8.559387,2.7894015,-1.5736808
-8.411388,2.683966,-1.1493167
-8.194154,2.6136942,-0.5293553
-7.2757072,2.610046,0.6215639
-7.3030224,2.462607,0.64031863
-7.3349056,2.347129,0.6424986
-7.3695216,2.2272358,0.6422865
-7.399207,2.1249962,0.64130044
-7.435129,2.002292,0.6390336
-7.473288,1.8711616,0.6362774
-7.504411,1.7631327,0.6340955
-7.537845,1.6449027,0.63224065
-7.575902,1.5073555,0.6309636
-7.6156087,1.3599485,0.6309213
-7.504927,1.0374995,0.8448647
-7.553696,1.0711011,0.8235047
-7.649188,1.1633102,0.7035531
-7.579531,1.2047917,0.44936517
-7.3821697,1.2309954,0.034286678
-6.882594,1.207057,-0.70798606
-6.7984533,1.2259986,-0.72743845
-6.778193,1.2368041,-0.7288911
-6.778397,1.2412821,-0.7349752
-6.8058834,1.2439156,-0.7373986
-7.874703,0.18397428,-3.470504
-8.340843,-0.18883087,-4.783598
-8.686534,-0.5012732,-5.913185
-8.86329,-0.7982188,-6.6908903
-8.793944,-0.9333988,-6.788336
-8.732118,-1.112569,-6.853128
-8.586535,-1.4701909,-6.8963404
-8.424146,-1.8690224,-6.985479
-8.262206,-2.2096686,-7.014519
-8.10639,-2.5264707,-7.045776
-7.9632936,-2.8038898,-7.078177
-7.7780147,-3.0968628,-7.0643663
-7.3518596,-3.2659311,-6.3681927
-6.836302,-3.3914673,-5.425365
-6.595693,-3.5763783,-5.169443
-6.4521546,-3.7599626,-5.209281
-6.273164,-3.9509854,-5.261333
-6.08041,-4.1535935,-5.31668
-5.890115,-4.3547525,-5.36645
-5.3846273,-4.4661617,-4.5876346
-4.89684,-4.58516,-3.842599
-4.1555824,-4.1189265,-2.154263
-4.017863,-4.346331,-2.157058
-3.8929238,-4.533488,-2.1593695
-3.7556734,-4.7397985,-2.1911645
-3.648436,-4.954375,-2.2652261
-3.5363917,-5.023714,-2.3327968
-3.4362903,-5.146879,-2.3543031
-3.358889,-5.2464404,-2.3607771
-3.2857668,-5.3456516,-2.3551788
-3.217942,-5.444448,-2.3355505
-3.1535754,-5.547942,-2.2969916
-3.1133063,-5.619807,-2.2582574
-3.0707471,-5.7072067,-2.1948516
-3.036806,-5.792437,-2.1116455
-3.0162714,-5.8586287,-2.0303392
-3.0019026,-5.927775,-1.926557
-2.99588,-5.985003,-1.8218982
-2.9959311,-6.035948,-1.7117544
-3.001284,-6.082099,-1.5940009
-3.0091925,-6.117445,-1.4891773
-3.0232143,-6.1562104,-1.3545604
-3.041892,-6.191078,-1.2064689
-3.0645041,-6.2212353,-1.0473017
-3.0795765,-6.2374287,-0.9448596
-3.1061506,-6.258884,-0.7756697
-3.1258185,-6.27059,-0.65034014
-3.1450963,-6.279248,-0.5268995
-3.1665707,-6.285506,-0.38775867
-3.1886394,-6.288172,-0.24013248
-3.2094982,-6.287021,-0.09325236
-3.2293434,-6.2821565,0.056319684
-3.248874,-6.2728825,0.21734688
-3.2684891,-6.2573442,0.40078628
-3.2780232,-6.2468176,0.50256056
-4.188252,-7.2535553,-1.6950306
-4.6951237,-7.3626466,-2.5200417
-5.0993605,-7.418247,-3.2065253
-4.993533,-7.355258,-3.071849
-4.3226647,-7.1762,-1.9976137
-2.891555,-6.110371,1.1043252
-2.9398055,-6.1539135,1.195091
-2.9852624,-6.1446924,1.3020395
-3.0258112,-6.117741,1.4000946
-3.064686,-6.1164117,1.4496334
-3.0960903,-6.100581,1.4965852
-3.117417,-6.0763865,1.5357871
-3.1286702,-6.055582,1.5610082
-3.1387093,-6.0204325,1.5932598
-3.1440806,-5.988447,1.6180949
-3.1476805,-5.945966,1.6467974
-3.1519537,-7.018953,1.0284717
-3.7584074,-7.623589,-0.66393536
-4.22158,-7.602997,-1.5885804
-4.229855,-7.469852,-1.7539909
-4.1544657,-7.2973742,-1.7693917
-3.3922641,-7.0232167,-0.5952887
-2.5592637,-6.54568,0.73850566
-2.558784,-5.2150707,1.4480612
-2.6132638,-5.2727995,1.4957798
-2.6667497,-5.2981586,1.5503439
-2.7563174,-5.2961755,1.6290845
-2.8233342,-5.2809777,1.6823657
-2.8926446,-5.252182,1.7392462
-2.932458,-5.2301426,1.7727442
-2.9923494,-5.182848,1.8251817
-3.0376906,-5.1371565,1.8665805
-3.0834043,-5.0805235,1.9100869
-3.1310327,-5.0107303,1.9574035
-3.1659212,-4.9546947,1.9930525
-3.0604532,-6.239805,1.2698218
-3.226287,-6.909829,0.5724832
-3.2924726,-6.7806635,0.351918
-3.3853483,-6.638192,0.10656338
-3.4378314,-6.48819,-0.054395534
-3.4545078,-6.277629,-0.15186054
3.3654072,-6.107156,-0.032924674
3.5165854,-6.256154,-0.026343428
3.663478,-6.399191,-0.021266118
3.9463212,-6.581768,0.08705411
4.2752085,-6.7220235,0.44986674
4.602178,-6.810567,1.1340715
4.7054524,-6.8132124,1.3485168
4.0724583,-6.1324263,2.2643943
4.149598,-6.172793,2.2164104
4.1097507,-6.032892,2.1234245
4.075335,-5.899806,2.0343661
4.035509,-5.654439,1.8958132
4.02209,-5.640342,1.857054
4.0241146,-5.6359153,1.8150247
4.0416737,-5.647997,1.7752297
4.068987,-5.6709743,1.7320801
4.104105,-5.706739,1.6857616
4.1445947,-5.7552004,1.6333563
4.1846876,-5.8118124,1.5778853
4.223171,-5.876924,1.5168853
4.5500646,-6.1472063,-0.2611022
4.5225406,-5.717152,-0.67346346
4.6521826,-5.4604874,-0.7059752
4.827067,-5.2444816,-0.6201455
5.0926175,-5.1953826,-0.019417182
4.891988,-5.471939,1.3180628
4.9971466,-5.4933124,1.2840774
4.997045,-5.4659557,1.2151649
4.962272,-5.435822,1.1400573
4.9080663,-5.398506,1.0619138
4.8438888,-5.3537865,0.9810688
4.7841725,-5.308418,0.9084093
4.724129,-5.2576723,0.83489376
4.664755,-5.201593,0.759884
4.604948,-5.138688,0.6805645
4.554143,-5.080894,0.6091678
4.5625653,-5.080463,0.5899222
4.627657,-5.133706,0.61398065
4.6699886,-5.1690907,0.6293423
5.009551,-5.158422,-0.20189635
5.0549803,-5.028579,-0.79546237
5.016746,-4.7172117,-1.0420537
5.0306125,-4.429771,-1.1572796
5.1231017,-4.2589693,-1.1512053
5.2276044,-4.0872526,-1.1441615
5.3378277,-3.9146469,-1.1367819
5.431649,-3.7666347,-1.1309218
5.548674,-3.5771937,-1.1254098
5.6468587,-3.471116,-1.0378758
5.6727114,-3.356915,-0.22351295
5.463196,-3.341147,0.7079867
5.5653944,-3.4243298,0.72954106
5.632215,-3.5200877,0.7491083
5.673045,-3.6030476,0.76768655
5.7021337,-3.6702955,0.78594756
5.727752,-3.7242124,0.80513275
5.829936,-3.6591964,-0.7000207
5.6450853,-3.2009058,-1.2037134
5.5698924,-2.7246447,-1.4127572
5.6198974,-2.5539513,-1.4165952
5.754377,-2.2620664,-1.3786387
5.8679323,-2.0972605,-1.2950826
5.906746,-1.797527,-1.2857901
5.940513,-1.4912343,-1.1896839
5.9677076,-1.133596,-0.60943365
6.0013003,-1.1149383,0.92121494
6.094784,-1.3801326,0.99602133
6.1363616,-1.5777881,1.0407002
6.193981,-1.6287508,1.0596738
6.2387667,-1.6506727,1.0731676
6.284997,-1.671222,1.0896177
6.3178964,-1.6837177,1.0947918
6.330121,-1.6893517,1.0930209
6.351193,-1.6923211,1.0919896
6.377606,-1.6956283,1.092699
6.409007,-1.7018968,1.0951303
6.5037475,-1.6352671,-0.40428802
6.4920177,-1.3992325,-0.7053579
6.348205,-1.1465338,-0.93587136
6.2700753,-0.7177244,-0.99627626
6.2684298,-0.43935186,-0.97440934
6.244206,-0.23474514,-1.0021904
6.2498393,-0.07278733,-0.96333915
6.533278,0.0820652,-0.24321377
6.6187596,0.13379529,1.137182
6.733087,-0.009679869,1.1451695
6.7737727,-0.098972395,1.1427978
6.797932,-0.1844877,1.1393548
6.8125315,-0.27418804,1.133398
6.8177743,-0.34967065,1.1258099
6.819829,-0.39511934,1.1204759
6.8184414,-0.43527848,1.1133245
6.818187,-0.46503112,1.1072241
6.8183074,-0.48507684,1.1014879
6.8213525,-0.5000952,1.0965792
6.328496,-0.42838734,-0.55183333
6.0633483,-0.1937562,-0.9221713
5.919914,0.062300898,-1.0424606
5.8281636,0.30602294,-1.0915959
5.7406893,0.5698813,-1.1400945
5.5798416,0.84639764,-1.3728656
5.4248934,1.1549976,-1.5484315
5.3014703,1.5090423,-1.608994
5.200829,1.7915163,-1.6569647
5.1385736,2.0242078,-1.6356943
5.077131,2.293555,-1.5800295
5.7859454,2.6623092,0.53318375
5.933875,2.4842196,0.4099116
5.691658,2.8858142,0.33960706
5.665135,2.859992,0.33157614
5.61548,2.8912845,0.31714496
5.5456524,2.946425,0.2969905
5.458052,3.029133,0.2720596
5.3700423,3.1240458,0.24775353
5.2935324,3.2167764,0.2276083
5.2358484,3.2926776,0.21349925
5.1939816,3.3513865,0.20423703
5.151008,3.41651,0.19735682
5.129721,3.4531198,0.19649762
5.122823,3.4661303,0.19812271
5.125868,3.4619174,0.20434918
5.136021,3.4451804,0.21273851
5.15279,3.416103,0.22277814
5.182725,3.3616693,0.23770463
5.215422,3.3005533,0.25289592
5.2553506,3.2238538,0.2701821
5.2969956,3.1416044,0.28749737
5.34449,3.0452044,0.30652496
5.393193,2.943562,0.32552695
5.447878,2.8262124,0.3463241
5.506767,2.6958325,0.36824712
5.556587,2.582435,0.38646755
5.6222196,2.428604,0.40999871
5.663795,2.32804,0.42470327
5.7164807,2.197428,0.44305846
5.7754807,2.0458128,0.4633182
5.833362,1.8910835,0.48286897
5.866637,1.7995479,0.49391678
5.9123044,1.6701466,0.5089116
5.953075,1.5506576,0.5220889
5.9944077,1.4251866,0.5352396
6.034655,1.2983372,0.54782236
6.077167,1.1585802,0.5608547
5.5158587,1.1288117,-0.88951653
5.445139,1.1654185,-0.9094976
5.3863845,1.2072233,-0.92538816
5.2921143,1.2981535,-1.0041807
5.253186,1.3479533,-1.0135736
5.1919737,1.4338427,-1.0281754
5.1463823,1.4977411,-1.0387686
5.0872245,1.578294,-1.0526091
5.059482,1.6157081,-1.0590013
4.9878597,1.7082838,-1.0761622
4.948571,1.7580314,-1.0854588
4.830347,1.8459594,-1.1128985
4.6792564,1.949238,-1.1477873
4.48653,2.0875177,-1.192406
4.3616066,2.1750796,-1.2206569
4.2327375,2.2701058,-1.2497271
4.0716796,2.3922148,-1.2857794
3.8474438,2.56596,-1.3352545
3.6641996,2.704991,-1.3742596
3.39777,2.9167366,-1.4302388
3.1617744,3.0987277,-1.477132
2.936969,3.278436,-1.5205824
2.7662213,3.41332,-1.5519613
2.5636663,3.576251,-1.5880607
2.361183,3.7395766,-1.622463
2.1937127,3.9006574,-1.5899863
1.9911836,4.063806,-1.6199663
1.8903147,4.2224274,-1.4524078
2.4073503,4.303032,-0.114319436
2.3943014,4.249337,-0.081818774
2.3306217,4.317712,-0.08451093
2.3009243,4.2977114,-0.07473305
2.2732096,4.2888107,-0.06741475
2.230923,4.2735567,-0.05703505
2.1814096,4.253785,-0.04402779
2.157913,4.2424,-0.0369329
2.130654,4.226225,-0.02727706
2.1042333,4.205467,-0.015588105
2.080779,4.1782627,-0.0013310462
2.0633535,4.1442995,0.015262552
2.0537386,4.1003175,0.035202652
2.0535192,4.0507493,0.05644642
2.0630245,3.992731,0.07982466
2.0835764,3.9231076,0.10635238
2.111263,3.8522003,0.13234991
2.1498516,3.7690933,0.16136807
2.2165296,3.6439996,0.20264849
2.2659514,3.5602064,0.23027374
2.3169715,3.4758492,0.2568696
2.3858657,3.366275,0.29024076
2.4623098,3.2491534,0.32505077
2.534332,3.1411755,0.3564081
2.6216843,3.0117095,0.39295492
2.7027905,2.8929658,0.4257941
2.786896,2.769927,0.45900977
2.8680813,2.6511548,0.49040335
2.9640558,2.5100694,0.5268335
3.0402076,2.3973143,0.555333
3.118879,2.279495,0.5844928
3.2006211,2.1555421,0.6145304
3.2790093,2.0347552,0.6431476
2.627025,1.999011,-0.6980773
2.3667774,2.0204687,-1.1009177
1.9470211,2.0729272,-1.7062634
1.6349139,2.253726,-1.823548
1.4784379,2.3030117,-1.8435628
1.296552,2.4145784,-1.8706703
1.1771293,2.4882123,-1.8875537
1.0293876,2.5841827,-1.9083033
0.8747366,2.6881921,-1.9300165
0.7172348,2.7964263,-1.9523273
0.55341333,2.931511,-1.9150875
0.3967048,3.0392509,-1.9371853
0.31582636,3.1370811,-1.8261144
0.16477934,3.261793,-1.7852731
0.068057865,3.3690672,-1.6747323
-0.11478396,3.4927776,-1.698756
-0.30373666,3.621528,-1.7242452
-0.32511598,3.6064384,-1.494377
-0.32977644,3.581261,-1.2604882
-0.4053208,3.5629606,-1.157594
-0.5772407,3.5483823,-1.1810297
-0.71507066,3.5323548,-1.1370555
-0.8230133,3.517544,-1.0997528
-0.901804,3.5091555,-1.0714576
-1.0217046,3.4996507,-1.0270463
-1.1318161,3.4870863,-0.9010556
-1.1841649,3.468762,-0.623227
-0.5597569,3.3871968,0.8560103
-0.59035945,3.9295487,1.1161169
-0.6520118,3.7628796,1.1440687
-0.72453403,3.481813,1.1736025
-0.81763256,2.924181,1.1665623
-0.92041224,2.2424452,1.1412966
-1.0235184,1.6042717,1.1073272
-1.147769,0.89242,1.0626262
-1.2720474,0.24469234,1.0166472
-1.3744224,-0.48817232,0.96193147
-1.3061206,-1.1412425,0.9171088
-1.2433852,-1.7969052,0.8675803
-1.1735802,-2.5482183,0.7873418
-1.1140637,-3.1756818,0.729303
-1.0597149,-3.7913141,0.66661245
-0.99063736,-4.516546,0.5858647
-0.9073083,-5.279171,0.49135822
-0.8112135,-6.021416,0.381716
-0.63611776,-6.798321,0.32005024
-0.31473634,-7.836754,0.31710383
-0.08926755,-8.505571,0.31683204
0.23125821,-9.764684,0.26346898
0.62190163,-9.793063,0.36347464
0.7590611,-9.822388,0.38800412
-0.2902946,-8.772206,-1.255121
-0.6303568,-8.431976,-1.7261735
-0.77436495,-8.307038,-1.879169
-0.8865393,-8.197715,-1.9494112
-1.0434223,-8.019089,-2.0872178
-1.0755056,-7.9681234,-2.0857546
-1.1336118,-7.891861,-2.1341693
-1.233375,-7.775265,-2.2416382
-1.3101894,-7.6899986,-2.303469
-1.3303841,-7.6692867,-2.294052
-1.4210303,-7.586739,-2.3582115
-1.53067,-7.496951,-2.4293962
-1.6672077,-7.3932543,-2.5113544
-1.8199664,-7.282787,-2.5975022
-2.0017083,-7.153985,-2.6949463
-2.2668903,-6.956789,-2.86512
-2.6036332,-6.6983047,-3.1007042
-2.84096,-6.530632,-3.213991
-3.1776347,-6.3240094,-3.3528945
-3.613569,-6.074793,-3.5170739
-3.9834192,-5.8542795,-3.6556025
-4.4267855,-5.577532,-3.8204541
-4.735649,-5.3686886,-3.9184508
-4.914355,-5.176467,-4.0443897
-5.115669,-4.952114,-4.1846657
-5.337274,-4.6912575,-4.3329253
-5.580949,-4.3227177,-4.342114
-5.7203183,-3.968947,-3.9673247
-5.246129,-3.8533168,-1.7460781
-5.2281165,-3.7507627,-1.7482626
-5.299893,-3.641945,-1.7660787
-5.3740106,-3.5700784,-1.78188
-5.450717,-3.508401,-1.7968414
-5.5406857,-3.4406285,-1.8131167
-5.632846,-3.3684862,-1.8287591
-5.7085743,-3.3060029,-1.8407751
-5.785615,-3.2395344,-1.8520286
-5.8514333,-3.1812408,-1.8606304
-5.8159337,-3.3128612,-1.757265
-5.7911787,-3.4121377,-1.6852155
-5.746149,-3.5574768,-1.5945992
-5.7073374,-3.7239268,-1.5143968
-6.186176,-3.5656714,-2.9232051
-6.3652735,-3.4088418,-2.9750981
-6.4649878,-3.2781003,-3.0120797
-6.544507,-3.1671765,-3.042026
-6.6328125,-3.056204,-3.138467
-6.6741056,-2.9989152,-3.1556747
-6.720062,-2.9388337,-3.176491
-6.798278,-2.8777304,-3.3261752
-6.8699074,-2.8146672,-3.41248
-6.9509344,-2.7412753,-3.500803
-7.0484343,-2.6602774,-3.651921
-7.1921186,-2.5340586,-3.8736372
-7.3560233,-2.3685822,-4.097476
-7.5112543,-2.198901,-4.3162327
-7.6818995,-1.9704213,-4.476125
-7.794335,-1.7701749,-4.5005093
-7.936854,-1.4951965,-4.5295825
-8.064588,-1.2298528,-4.5527754
-8.189262,-0.9654347,-4.573051
-8.35398,-0.60902226,-4.604498
-8.476619,-0.3288377,-4.620675
-8.658379,0.088665225,-4.638295
-8.814665,0.47708374,-4.647124
-8.935392,0.78133696,-4.6514645
-9.078839,1.1529562,-4.654031
-9.174525,1.4140813,-4.6523776
-9.282548,1.8456961,-4.6307845
-9.3400345,2.3396888,-4.5792856
-9.376344,2.6775365,-4.5404897
-9.41346,3.032717,-4.4980745
-9.455083,3.4590483,-4.4444604
-9.499704,3.9636075,-4.3767314
-9.539602,4.463196,-4.3047733
-9.561704,4.758366,-4.259708
-9.591538,5.1822352,-4.1927643
-9.6212225,5.612025,-4.1251125
-9.269706,5.759129,-3.6960268
-8.819184,5.871041,-3.2271721
-8.315969,6.047207,-2.6931968
-7.819232,6.22104,-2.1591573
-7.4258566,6.3642716,-1.6888127
-6.9613824,6.473345,-1.0240525
-6.5483456,6.5079975,-0.3742427
-4.9439993,6.1097603,2.4396837
-4.9038463,6.368698,2.392171
-4.7184205,6.268702,2.602103
-4.6015086,6.220106,2.7452343
-4.5160775,6.1804705,2.8583026
-4.4462442,6.149602,2.9550714
-4.3881407,6.124139,3.038866
-4.3382077,6.100065,3.1151671
-4.2931566,6.0707555,3.1924644
-4.26646,6.044246,3.2484841
-4.273529,5.9956255,3.297328
-4.315211,5.7486663,3.414519
-4.338987,5.6401234,3.4608226
-4.370803,5.513691,3.5080616
-4.406376,5.305074,3.587967
-4.4524355,5.0929213,3.658555
-5.8653812,5.595628,1.9925871
-6.2346945,5.7352104,1.4491878
-6.404422,5.857933,1.2149822
-6.3439746,5.8729324,1.3525655
-6.299984,5.8808126,1.4196732
-6.214882,5.8661795,1.5608675
-6.115668,5.8296976,1.7206202
-5.9624457,5.750652,1.9858427
-5.8761334,5.6594152,2.1178768
-5.7933025,5.597198,2.2668355
-5.684614,5.5188394,2.4585578
-5.676746,5.604583,2.5438633
-5.7254386,5.826078,2.6584241
-5.7705793,6.0702314,2.7841594
-5.7848797,6.3187084,2.8950157
-5.790184,6.5863247,3.0146
-5.78265,6.9087844,3.1589172
-5.757104,7.2683244,3.3239918
-5.7341776,7.4843597,3.4285855
-5.756872,7.860769,3.4546812
-5.8100996,8.328015,3.403456
-5.8108764,8.813284,3.3752575
-5.8174505,9.307208,3.3315268
-5.816209,9.703655,3.2960947
-5.8109875,10.218282,3.2426825
-5.816773,10.649177,3.1769407
-5.8244853,11.069989,3.094119
-5.8207674,11.553428,2.998978
-5.793399,12.1338,2.9044259
-5.734552,12.380944,2.956549
-5.6583977,12.586103,3.0522184
1.5182049,19.351706,-7.3142624
1.9207015,19.321121,-7.1042604
2.3282595,19.175364,-6.8738465
2.8121622,19.005045,-6.5729837
3.3045309,18.82626,-6.287922
3.9750915,18.435812,-5.8816032
4.3918223,18.074549,-5.6476636
4.973312,17.662924,-5.215712
5.6570196,17.11155,-4.7436447
6.2766323,16.553473,-4.351474
6.8402886,16.018778,-4.0102205
7.405728,15.47427,-3.6610916
8.214182,14.749872,-3.0811658
8.959595,13.942827,-2.517409
9.613398,13.198033,-2.0305297
10.208061,12.518124,-1.5786439
10.530829,11.929694,-1.2879862
10.845729,11.349063,-0.99619555
11.070221,10.923111,-0.7852117
11.294656,10.492681,-0.57240075
11.505805,10.081205,-0.3701949
11.720961,9.656389,-0.16213697
11.951964,9.194925,0.06360646
12.128005,8.839968,0.23756605
12.324412,8.441209,0.43359128
12.510808,8.062841,0.6214978
12.660901,7.715201,0.76575166
12.884911,6.996577,0.96764827
13.150262,6.2697496,1.228386
13.434562,5.5084004,1.5052905
13.73701,4.626812,1.8314409
13.894854,4.0457783,1.990616
14.171333,3.2321773,2.2910767
14.337837,2.563258,2.4683602
14.459785,2.121196,2.607266
14.553482,1.6814523,2.71029
14.703275,1.1132332,2.8859892
14.798351,0.73554826,3.0002086
14.885132,0.38724616,3.1058671
14.975434,0.018740706,3.2174013
15.087157,-0.4459023,3.35771
15.180259,-0.84229106,3.4770083
15.284321,-1.297107,3.6131265
15.376476,-1.7125645,3.7366145
15.5098505,-2.3386226,3.9206574
15.621897,-2.8969126,4.082084
15.671693,-3.157757,4.1565967
15.711406,-3.372044,4.217352
15.721133,-3.711206,4.2820034
15.694562,-4.120549,4.338359
15.660516,-4.5136886,4.389104
15.629278,-4.8079295,4.4249635
15.586765,-5.1490526,4.4641185
15.530294,-5.532559,4.504794
15.477084,-5.845201,4.5354114
15.409631,-6.195632,4.566956
15.367985,-6.5527377,4.6321077
15.205813,-6.8694468,4.5929155
15.031757,-7.1929016,4.550689
14.772093,-7.6426167,4.4854074
14.555832,-7.9897714,4.429398
14.434136,-8.175621,4.397512
14.145752,-8.591418,4.319605
13.91757,-8.898946,4.256943
13.653923,-9.124672,4.1364822
13.455379,-9.4930525,4.127424
13.18629,-9.824406,4.0512314
12.932809,-9.986068,3.9319177
12.647242,-10.277213,3.8217585
12.108229,-10.474662,3.5394099
11.922334,-10.861581,3.5152173
11.622198,-11.128748,3.3998604
11.273739,-11.42316,3.2662148
10.906258,-11.665366,3.1115372
10.49765,-11.925859,2.9420023
9.977281,-12.243163,2.729662
9.471261,-12.481375,2.5100696
9.155912,-12.601937,2.3680778
8.593831,-12.842445,2.1292953
8.01037,-13.130731,1.9040381
7.5958166,-13.300267,1.7532095
7.143746,-13.325922,1.6253438
6.656256,-13.348548,1.4894253
6.2053456,-13.365019,1.365586
5.623327,-13.3803,1.2080933
5.2934,-13.385503,1.1202031
4.7474775,-13.389315,0.97629344
4.323399,-13.387649,0.86610687
3.8926797,-13.381623,0.75538796
3.5080216,-13.37251,0.657542
3.2133138,-13.362988,0.58324134
2.7486064,-13.333114,0.4373748
2.1375093,-12.904882,0.021320097
1.7606487,-12.757188,-0.17361425
1.4250684,-12.676713,-0.29398865
1.2032329,-12.6826935,-0.3897718
0.7576282,-12.48607,-0.6232475
0.18779078,-12.246667,-0.8750049
-0.21778956,-12.0672655,-1.0545967
-0.72397476,-11.830588,-1.2797945
-1.0980709,-11.646831,-1.4468102
-1.3634304,-11.511028,-1.5656533
-1.7576048,-11.302789,-1.7427846
-2.0653145,-11.517789,-1.6947087
-2.2643905,-10.352298,-1.8185508
-1.7158498,-10.516852,-0.72738343
-1.8611016,-9.824252,-0.85491246
-1.98423,-9.005429,-0.98448884
-2.2029042,-7.76874,-1.0385472
-2.3236277,-6.9817014,-1.0511947
-2.4301834,-6.0139866,-1.0510085
-2.494927,-5.0330544,-1.0345976
-2.448018,-4.098751,-1.0009696
-2.1123254,-3.2335844,-0.93677145
-1.7646898,-2.3825905,-0.8632977
-1.4330838,-1.5780767,-0.7902328
-1.0254163,-0.5830833,-0.6846581
-0.63129413,0.2971256,-0.5830073
-0.24839145,1.1718522,-0.47032702
-1.0796328,2.3908443,-2.500324
-1.3451359,3.7133799,-2.8318672
-1.3543267,3.8567028,-2.7929833
-1.5065675,3.999061,-2.8243814
-1.7098924,4.199565,-2.8934634
-1.4871444,3.9901354,-2.5891767
-1.5653969,4.016846,-2.557631
-1.6710968,4.0540934,-2.5235546
-1.7954265,4.089711,-2.485502
-2.046033,4.159864,-2.4912393
-2.2092996,4.1961565,-2.440329
-2.3175287,4.2359595,-2.3288038
-2.424102,4.2881746,-2.1363454
-2.6623762,4.379459,-2.0495868
-2.7986293,4.4615135,-1.8352598
-2.5430126,4.524172,-0.77092063
-1.8622615,4.5110483,0.8797869
-1.8960598,4.565876,0.93779796
-1.9204626,4.6183157,0.99203503
-1.9437305,4.6626625,1.0383455
-1.9662342,4.700269,1.0864335
-1.9869268,4.7350326,1.1345186
-2.0056627,4.7707267,1.1857214
-2.0199232,4.8065796,1.2365869
-2.1117148,4.93541,1.2202526
-2.023443,4.8954854,1.3517693
-2.015179,4.942446,1.4128784
-2.0020046,4.9805245,1.4597867
-1.9759557,5.023365,1.5141016
-1.9365435,5.068605,1.570842
-1.894596,5.1076927,1.6180075
-1.8315008,5.1504383,1.6726692
-0.9169923,4.9645042,3.2806582
-0.53164804,4.6926966,3.5456984
-1.1798437,4.759927,2.1031303
-1.1258377,4.724554,2.1235108
-1.0722371,4.681572,2.149056
-0.9976844,4.6302404,2.1833298
-0.94208276,4.595994,2.2064705
-0.89218783,4.5677314,2.225292
-0.81905043,4.529328,2.2494073
-0.7389634,4.4901853,2.2724288
-0.6337941,4.441113,2.2981777
-0.5471265,4.402722,2.3168068
-0.45178208,4.360623,2.3349228
-0.37417492,4.3269343,2.3482099
-0.25684878,4.27542,2.3658333
-0.1721155,4.2391477,2.377203
-0.09394739,4.2053003,2.3868747
0.022891592,4.1539392,2.399814
0.14535555,4.100107,2.4117575
0.25675395,4.050715,2.4215207
0.3538602,4.0071187,2.4293191
0.45702624,3.9601243,2.4369426
0.56961006,3.9080765,2.4445584
0.669601,3.8611252,2.450811
0.7643241,3.8158772,2.4563658
0.88175726,3.7651067,2.462195
0.97057456,3.7305245,2.466066
1.092099,3.6829984,2.4712825
1.2151216,3.6345663,2.4764876
1.3626674,3.576102,2.4826543
1.513558,3.5158167,2.4888933
1.6592171,3.45718,2.4948657
1.6556543,3.5622182,2.36996
1.572188,3.7673588,2.1951346
-0.04675554,4.4676785,-1.1292704
-0.5231037,4.7113304,-1.830939
-0.65595824,4.7449384,-1.9046402
-0.6947482,4.7384186,-1.8542373
-0.5933528,4.674488,-1.5802741
-0.64829475,4.708802,-1.5353093
-0.75367343,4.776222,-1.5893035
-0.8517242,4.8393497,-1.6384431
-0.9432315,4.8963194,-1.6825894
-1.0288502,4.946262,-1.7221725
-1.1276963,4.998717,-1.7656311
-1.2374568,5.0507393,-1.8116134
-1.3534346,5.0999165,-1.8583114
-1.4860526,5.1509223,-1.9099259
-1.629716,5.2016706,-1.9644933
-1.7875887,5.2541704,-2.0233343
-1.6119032,4.5365763,-1.9447813
-2.0344727,5.221077,-2.1737924
-2.3272185,5.8441257,-2.0602741
-2.789475,6.7059326,-2.143347
-3.3867064,7.7306013,-2.3526585
-4.082918,8.836062,-2.686754
-4.420946,9.097676,-2.514638
-4.7936997,9.07341,-2.302397
-5.2235675,9.03831,-2.0349746
-5.6464076,8.971413,-1.6273171
-5.8753285,8.760917,-0.58098805
-5.688093,8.6067505,-0.14367643
-5.6796856,8.564429,-0.0845791
-5.7043023,8.541929,-0.06799903
-5.785064,8.438533,-0.0875682
-5.8795943,8.304369,-0.11078004
-6.0190425,8.098778,-0.14754084
-6.113682,7.954419,-0.1728077
-6.1779613,7.8488264,-0.18954009
-6.173867,7.7153687,-0.12365732
-6.264512,7.5745397,-0.14927107
-6.373713,7.408671,-0.18084314
-6.4757986,7.2553096,-0.21103889
-6.5835977,7.0949273,-0.24328542
-6.643983,7.0049834,-0.2614567
-6.75755,6.8368297,-0.29563856
-6.850473,6.69861,-0.32360104
-6.9059076,6.549658,-0.30850792
-6.983624,6.432174,-0.33149588
-7.1421556,6.2569466,-0.40995306
-7.2523565,6.0862527,-0.44179502
-7.4009104,5.9062963,-0.5270732
-7.4616547,5.70422,-0.50882185
-7.5422816,5.504695,-0.5502573
-7.598397,5.2915206,-0.58354723
-7.6343064,5.1261373,-0.6100386
-7.6757026,4.9331145,-0.6402678
-7.7157454,4.7446465,-0.6684982
-7.7554812,4.555772,-0.69558215
-7.7956724,4.3628573,-0.7219467
-7.832641,4.1838837,-0.7450441
-7.870479,3.998963,-0.76769954
-7.9074917,3.8164902,-0.7886619
-7.9464574,3.6225393,-0.80949503
-7.983646,3.435757,-0.8279323
-8.015135,3.2762458,-0.84238404
-8.073703,3.0882933,-0.9207504
-8.1060095,2.9198854,-0.93381184
-8.186884,2.72332,-1.0731488
-8.218314,2.551934,-1.0846152
-8.300868,2.3369238,-1.2230918
-8.426289,2.1178155,-1.4860845
-8.500378,1.9307917,-1.6221845
-8.501731,1.7809218,-1.568829
-8.554582,1.5836589,-1.6412517
-8.577165,1.4381263,-1.6473726
-8.603014,1.2715073,-1.6528318
-8.628114,1.1095334,-1.6566231
-8.702375,0.9101682,-1.7851732
-8.917418,0.6196255,-2.2905054
-9.024726,0.4431976,-2.5458558
-9.084439,0.2664788,-2.680943
-9.094333,0.13916239,-2.6919696
-9.12936,-0.0623988,-2.7682047
-9.067033,-0.34284142,-2.757034
-9.001382,-0.62913233,-2.7438922
-8.891773,-0.9860157,-2.66336
-8.815291,-1.2951045,-2.6461525
-8.736307,-1.6007751,-2.6285634
-8.646638,-1.9296634,-2.6101873
-8.574296,-2.1823986,-2.5966988
-8.483336,-2.4552839,-2.620972
-8.370797,-2.8043766,-2.6176817
-8.282343,-3.068347,-2.6124206
-8.199786,-3.3054154,-2.6074023
-8.092892,-3.5746362,-2.5740726
-8.005612,-3.781037,-2.550205
-7.945082,-3.9969797,-2.6053302
-7.8546166,-4.2721825,-2.6590366
-7.7646437,-4.4664955,-2.6093419
-7.5527368,-4.76261,-2.5150685
-7.414012,-4.9746203,-2.445278
-7.2707076,-5.2607203,-2.4339347
-7.15907,-5.4771776,-2.424809
-7.0329876,-5.715054,-2.414567
-6.861049,-6.0291533,-2.4004076
-6.7440963,-6.2371902,-2.3897123
-6.669088,-6.358222,-2.3794534
-6.4843597,-6.4894347,-2.1842015
-6.0123563,-6.204547,-1.1184366
-5.2768383,-5.2265697,0.841084
-5.206128,-5.3296356,0.8864001
-5.1204333,-5.4162416,0.9797204
-4.9978027,-5.3855233,1.0530183
-4.9228363,-5.393273,1.0932003
-4.860588,-5.3865886,1.1434493
-4.767298,-5.3667316,1.2207756
-4.675458,-5.342105,1.3060126
-4.6301866,-5.326938,1.3518704
-4.578763,-5.3277273,1.3799639
-4.5162597,-5.3281364,1.4154798
-4.4424143,-5.3253326,1.4632306
-4.373028,-5.318768,1.5152411
-4.3087993,-5.3084006,1.5715213
-4.245563,-5.292699,1.6377429
-4.550482,-6.1152277,0.32733372
-4.477516,-6.1138153,0.3239069
-4.379785,-6.0861597,0.38125747
-4.2841816,-6.0672064,0.44450065
-4.1893644,-6.0530653,0.5193267
-4.108394,-6.0419617,0.59570444
-4.036648,-6.031555,0.67679477
-3.9605887,-6.018599,0.7840768
-3.9064658,-6.005231,0.8771898
-3.8584118,-5.9581766,1.0016102
-3.6291971,-4.8939385,2.1975713
-3.6884675,-4.88002,2.2656276
-3.7468376,-4.852168,2.33141
-3.8024273,-4.8144884,2.3950639
-3.8409493,-4.7829394,2.4400747
-3.8977177,-4.724026,2.508644
-3.9402933,-4.671215,2.562096
-3.9882035,-4.599163,2.6254423
-4.1146135,-5.78083,1.7533661
-4.146557,-5.8249636,1.4962057
-4.1363482,-5.8533173,1.3433887
-4.109663,-5.836194,1.3020779
-4.0504003,-5.772374,1.325629
-3.9803717,-5.7082796,1.3520849
-3.93011,-5.6907554,1.3158846
-3.987072,-5.955707,0.7921442
-3.974037,-6.0163517,0.6175758
-3.8926246,-5.9565377,0.62111944
-3.7972946,-5.8964214,0.62123704
-3.6988661,-5.8414717,0.619378
-3.5483203,-5.678418,0.80089885
-3.404559,-5.4934106,1.0474555
-3.3064659,-5.4586606,1.0524955
-3.2477748,-5.430199,1.0531043
-3.1705885,-5.390081,1.0478762
-3.120668,-5.4193907,0.9124553
-3.0552518,-5.4070005,0.8331881
-2.942494,-5.335632,0.8021952
-2.8468022,-5.274721,0.77232563
-2.723411,-5.1931677,0.7300674
-2.6260042,-5.1258984,0.69429934
-2.573114,-5.008961,0.6020881
-2.5685709,-4.8512325,0.46143064
-2.5680966,-4.6936555,0.32288164
-2.5716999,-4.497511,0.15365717
-2.579975,-4.3101063,-0.0045424327
-2.5366848,-4.1005797,-0.071146265
0.52610385,-4.1334925,1.1366777
0.82939595,-4.136377,2.4478803
0.9239817,-4.181271,2.4292216
0.9835207,-4.2238727,2.4154158
0.96593165,-4.109409,2.3383253
1.0108235,-4.2530484,2.3814068
1.0317897,-4.2704306,2.3710098
1.0618235,-4.300565,2.3624117
1.0993366,-4.343109,2.355608
1.1424114,-4.3977857,2.350772
1.190363,-4.4659944,2.3479373
1.2552595,-4.5727353,2.3479393
1.3246117,-4.707959,2.3517435
1.3581327,-4.7817955,2.3541732
1.373639,-4.929274,2.2492108
1.3613118,-4.9903755,2.179416
1.3446977,-5.072707,2.100236
1.3204362,-5.142213,2.027326
1.2853492,-5.2168846,1.9457942
1.2177597,-5.3247237,1.8226004
1.1732997,-5.531973,1.7586823
1.1094108,-5.5881095,1.6701303
1.0470028,-5.644185,1.5896329
0.9832064,-5.688099,1.5120637
0.8773947,-5.7714405,1.3947214
0.7402163,-5.8184824,1.2516305
0.6238101,-5.716153,1.1136973
0.5135815,-5.766244,1.0098797
0.8040456,-6.3782787,-1.0646697
0.78712904,-6.3697987,-1.173971
0.8118078,-6.3884964,-1.1841872
0.8730071,-6.412714,-1.2003449
0.9529721,-6.4434457,-1.1683543
1.0261056,-6.4099674,-1.1272713
1.1090534,-6.329008,-1.1307964
1.1867604,-6.3619523,-0.9989111
1.2319978,-6.1924286,-1.0448107
1.2828977,-6.110527,-1.0528105
1.3248639,-6.0114603,-1.0633125
1.3564664,-5.905001,-1.0749025
1.3807567,-5.754868,-1.0437552
1.4019544,-5.586073,-1.0150484
1.3809816,-5.45314,-0.6476071
1.3858626,-5.351965,-0.47019807
1.3974575,-5.233567,-0.48747495
1.3955138,-5.0867763,-0.5065989
1.3869641,-4.8803577,-0.5306707
1.3836812,-4.713508,-0.5488564
1.3821045,-4.5320573,-0.5669541
1.3918188,-4.2324715,-0.64194614
1.4030479,-4.0959187,-0.7018866
1.4476682,-3.8341713,-1.0582069
1.488968,-3.4689739,-1.4151213
1.6475265,-2.9292276,-1.3882837
1.8107904,-2.783291,-1.3015354
1.9493876,-2.5943751,-1.2255924
2.0839334,-2.4047859,-1.1514642
2.2123744,-2.2188225,-1.080148
2.4165144,-2.0886066,-0.63535094
2.8371587,-2.5328927,1.5985507
2.9233496,-2.5300481,1.6227847
2.9679217,-2.5632236,1.6181027
2.9462123,-2.5476494,1.5909858
2.8997273,-2.5225399,1.555679
2.8457296,-2.4889004,1.5192813
2.78307,-2.443689,1.4775579
2.7355444,-2.405166,1.4443941
2.6841097,-2.3573818,1.4056519
2.638374,-2.3109646,1.3673142
2.5957181,-2.2652557,1.3270804
2.555814,-2.2223125,1.2846776
2.517441,-2.1832135,1.2391717
2.4800215,-2.1494672,1.1905732
2.4361653,-2.11876,1.1284779
2.3964908,-2.0978303,1.070451
2.3577902,-2.0851595,1.0120908
2.309993,-2.0810099,0.9382137
2.7663343,-3.4322338,1.1615487
2.909476,-3.522448,1.0501841
3.1110117,-3.579177,0.9341604
3.3638458,-3.6222432,0.8144959
3.6311681,-3.661382,0.6984539
3.8998585,-3.6986835,0.58129746
4.4319644,-3.9501116,0.610811
4.948318,-4.2238197,0.67345273
5.4486055,-4.403261,0.7571646
5.89956,-4.020566,0.9571092
6.0832634,-4.195157,0.9808177
6.186955,-4.336132,1.001034
6.2999763,-4.566491,1.0248737
6.2822876,-4.087674,1.1237823
6.0526395,-3.9316478,1.2453246
5.6741314,-3.7733383,0.32110536
5.085183,-3.7181578,0.1322908
4.446362,-3.7452154,0.060838647
3.7619457,-3.768609,-0.008550994
2.9051228,-3.7822433,-0.08503664
2.0661736,-3.8025825,-0.20117417
1.0411073,-4.4177976,0.84833914
0.32250684,-5.477857,0.54976875
0.02869578,-5.7603607,0.5018329
-0.16224839,-5.9243994,0.47013402
-0.26886234,-6.055768,0.44756782
-0.28880066,-6.156734,0.44073975
-0.30088037,-6.2816234,0.4340686
-0.30076465,-6.4276457,0.4291669
-0.809903,-6.363906,-1.1626787
-1.2455008,-6.0963874,-2.0510592
-1.6463578,-5.632008,-2.5552855
-2.0859365,-5.09987,-3.1565187
-2.4237149,-4.591194,-3.621498
-2.6581028,-4.135231,-3.9841068
-2.6778724,-3.8602262,-4.08801
-2.629845,-3.6422217,-4.131911
-2.569443,-3.4355423,-4.171891
-2.506109,-3.236234,-4.210881
-2.4349582,-3.0035372,-4.25913
-2.3872252,-2.8390636,-4.294775
-2.3350487,-2.6235151,-4.3446865
-2.2809718,-2.3568795,-4.409696
-2.2392359,-2.1448512,-4.4621544
-2.1942725,-1.848894,-4.5372376
-2.1979015,-1.4867097,-4.5774007
-2.2634742,-0.93979096,-4.593882
-2.3334715,-0.3541943,-4.6096697
-2.412779,0.3003961,-4.6258187
-2.3612933,0.9043224,-4.2535176
-2.2288096,1.5022912,-3.6744184
-2.0079045,2.0080013,-3.116063
-1.3907908,2.151012,-2.4078195
-1.4466844,3.6739702,-2.0382357
-1.1437716,3.921294,-0.88658285
-1.4047393,4.220192,-0.41433614
-2.0216799,4.701645,0.023770407
-2.1824806,5.0376987,0.26542464
-2.372287,5.403395,0.5412694
-2.7473764,6.1074414,0.97499514
-3.1120203,6.7685404,1.2555028
-3.3936713,7.1408978,1.7937981
-2.9237201,5.5681,3.6806152
-2.944872,5.618115,3.7201676
-3.116457,6.1206107,3.659353
-3.2215996,6.5311303,3.6185105
-3.3115623,6.930644,3.575854
-3.3430033,7.051268,3.6309917
-3.342238,7.0330305,3.7322085
-3.2866206,7.0521197,3.7605515
-3.2558122,7.0369005,3.7873955
-3.241606,7.0283327,3.8013794
-3.2422705,7.0230784,3.806616
-3.2562597,7.023662,3.8010314
-3.2965195,7.031725,3.7783084
-3.3512585,7.044996,3.744988
-3.425789,7.064622,3.697957
-3.5083106,7.087207,3.644933
-3.6268363,7.1205883,3.5676835
-3.7406607,7.0764194,3.5244207
-3.83589,6.8328342,3.5724525
-3.9602199,6.5551405,3.6408935
-4.090409,6.485616,3.712044
-4.22954,6.407276,3.788865
-4.413185,6.302058,3.8903725
-4.5749774,6.2222104,3.9735522
-4.7358365,6.15092,4.0531354
-4.9248047,6.079584,4.142207
-5.1401153,6.0204473,4.235621
-5.1568513,5.236873,3.5500042
-5.480177,5.4775405,3.0495765
-5.733544,5.7793193,2.9846635
-5.8446903,5.99573,2.9751337
-5.8842745,6.104851,3.0135593
-5.9452486,6.3227324,3.0922594
-5.991964,6.5551376,3.1883936
-6.0259056,6.8149095,3.3058093
-6.044611,7.09043,3.4383867
-6.0424223,7.328016,3.623549
-6.0567336,7.9163995,3.4589598
-6.011125,8.2144375,3.5721848
-5.986044,8.640354,3.6834955
-6.004778,9.050527,3.6655886
-2.8347824,17.106209,-8.060057
-2.4524164,16.88965,-8.071968
-2.0273485,16.667475,-8.077102
-1.5450715,16.481464,-8.00753
-1.0644333,16.254244,-7.9928865
-0.56159043,16.0281,-7.9672947
0.02740508,15.820488,-7.8623066
0.6607247,15.584264,-7.644502
1.5171893,15.3045845,-7.1527452
2.1710145,15.0539665,-6.8736873
2.67822,14.910904,-6.6019187
3.4554915,14.653518,-6.2491455
4.3586183,13.87135,-5.779079
5.0897994,13.048996,-5.333807
5.6874037,12.364061,-4.9612436
6.242961,11.713403,-4.6079183
6.840727,10.999882,-4.220516
7.298141,10.444474,-3.9189556
7.9037957,9.603278,-3.47889
8.19888,9.082352,-3.2234538
8.495871,8.553291,-2.9639049
8.895583,7.835514,-2.610835
9.322206,7.050184,-2.2101102
10.308344,5.80989,-1.0645729
11.366816,4.7342696,0.2336494
11.494181,4.3846173,0.3761122
11.517987,4.4169393,0.4021054
11.558995,4.471239,0.44568223
11.609079,4.5687056,0.50026083
11.675504,4.7352247,0.5736327
11.725789,4.8939934,0.6313947
11.122032,5.0719323,-0.20273991
10.900984,5.138773,-0.5328195
10.8474245,5.126142,-0.6240743
10.835765,5.0567484,-0.6614427
10.918219,4.9112496,-0.5686825
10.949682,4.847318,-0.5306832
10.988887,4.7673593,-0.47997034
11.026836,4.699739,-0.4272674
11.060922,4.6544523,-0.37692413
11.09594,4.629012,-0.32233065
11.189393,4.3925824,-0.21067646
11.282915,4.1172714,-0.10697935
11.428988,3.705866,0.055972785
11.546276,3.3877454,0.1875638
11.621804,3.1828558,0.27302882
11.7096615,2.9676962,0.3860015
11.744053,2.6980755,0.4350467
11.883718,2.2947063,0.61616033
11.915898,2.0362868,0.6629482
12.037317,1.5639658,0.82524246
12.024785,1.1934855,0.8224136
11.38252,0.8484541,0.25488836
11.3558855,0.41145098,0.3029163
11.224672,0.13116974,0.23538546
11.059735,-0.23476067,0.15643728
10.943027,-0.7017963,0.14309809
10.70318,-1.4474779,0.08607041
10.516962,-1.9431956,0.03314875
10.440915,-2.3806934,0.067983605
10.160517,-2.7803028,-0.076018944
10.0556965,-3.2198546,-0.05505167
9.853481,-3.813318,-0.06952811
10.415508,-4.5137677,0.5971766
10.140531,-4.9997864,0.5105033
10.006396,-5.2330256,0.47109258
9.756352,-5.6600533,0.39991903
9.540717,-6.0088406,0.33854496
9.225402,-6.485415,0.24692892
9.052976,-6.7306895,0.19658458
8.854031,-7.0010333,0.13787381
8.603617,-7.323857,0.06315127
8.312109,-7.6785297,-0.024277903
8.016989,-8.01824,-0.11230141
7.6848106,-8.380878,-0.21012145
7.3653793,-8.713143,-0.3019232
6.996723,-9.079706,-0.40446728
6.749452,-9.316724,-0.47036046
6.380656,-9.474749,-0.6155689
5.914488,-9.683914,-0.78585494
5.870988,-10.058348,-0.6684037
5.607583,-10.135257,-0.70013857
5.302787,-10.221313,-0.7312901
5.047335,-10.289992,-0.7523083
4.6821103,-10.386175,-0.7728214
4.394285,-10.457006,-0.78084636
4.081787,-10.531724,-0.7799988
3.7639556,-10.604723,-0.7675859
3.5287216,-10.655544,-0.7504804
3.2866566,-10.706671,-0.72456443
3.091121,-10.746068,-0.69714713
2.941961,-10.774916,-0.6721192
2.7770486,-10.806327,-0.63974696
2.5848584,-10.842226,-0.5954403
2.4078932,-10.873628,-0.5484761
2.1239238,-10.895047,-0.52698994
1.8566077,-10.877035,-0.585339
1.6538215,-10.861274,-0.6289124
1.3833804,-10.838119,-0.6860857
1.0781528,-10.808551,-0.749435
0.69379044,-10.766281,-0.8276042
0.4751869,-10.738453,-0.87129825
0.24456522,-10.680787,-0.92997247
-0.23000485,-10.311136,-1.2506437
-0.2548883,-10.155952,-1.2356759
-0.5986771,-9.947784,-1.4242468
-0.72412604,-9.913335,-1.4247053
-0.9522175,-9.802031,-1.5166113
-1.1617861,-9.679955,-1.6333203
-1.2512639,-9.639054,-1.651028
-1.20635,-9.742121,-1.4314672
-1.4006488,-9.603643,-1.5784649
-1.5659627,-9.491374,-1.6790513
-1.7099633,-9.401181,-1.7369225
-1.3824848,-9.741014,-1.169768
-0.53721535,-10.529451,0.066385455
-0.5497663,-10.497618,0.029055364
-0.5782661,-10.498326,-5.6661665e-05
-0.6718966,-10.519319,-0.02802372
-0.7802272,-10.55208,-0.058427118
-1.1842666,-10.943978,-0.17790869
-1.1970456,-10.780042,-0.21297812
-1.1735702,-10.514214,-0.24074379
-1.1570095,-10.048582,-0.2943722
-1.1314644,-9.566653,-0.3474386
-1.0907186,-9.095141,-0.39411888
-1.0254009,-8.539904,-0.4448105
-0.8810194,-7.8869276,-0.4801039
-0.64569044,-7.30894,-0.4952568
0.4253841,-6.2581773,-0.43594825
0.9166728,-5.695392,-0.3729139
1.5765386,-5.059534,-0.2525976
2.0184054,-4.5959125,-0.15579231
1.6499479,-3.7161317,-1.2871084
1.5948867,-3.0304763,-1.7304299
1.3293687,-1.8123055,-2.4037697
1.3507202,-1.4695349,-2.500462
1.4087713,-0.94687957,-2.6192818
1.594961,-0.4063654,-2.5522077
1.9176701,-0.3715871,-2.0446076
2.3454309,-0.29360867,-1.1350298
3.1523018,-0.37121683,0.37528473
3.328942,-0.56588966,0.41636896
3.4662855,-0.70764196,0.4392696
3.5561066,-0.82186204,0.45281997
3.6653833,-1.0008074,0.46492046
3.716793,-1.1062164,0.46819556
3.7495353,-1.2065091,0.46517748
3.754924,-1.2844765,0.45661363
